AAAGGT,AACTAC,AAGAGC,AATGAA,ACAGGG,ACGCGG,ACGGTC,ACGTGC,AGACAC,AGATAC,AGATGC,AGGACC,ATCCCG,ATCGAG,CAAAGT,CACACG,CACCCG,CAGCTG,CATTGG,CCAGTA,CCCCAA,CCGCTA,CGACAG,CGCAAC,CGCCCG,CGCCCT,CGGATC,CGGGAC,CGGTGC,CGTCCG,CGTGGG,CTAGCT,CTATTT,CTCAAT,CTCTAT,CTGCAC,GAACGC,GAGGCG,GATCGT,GCCCGG,GCTACA,GGAAAT,GGAGGG,GGCCCC,GTAGTA,GTCCCA,GTGGCA,GTGTCG,GTTCTA,TAAGAA,TACAGG,TACGAT,TATTTC,TCACGG,TCCGTG,TGCCCA,TGCCCC,TTAACG,TTAAGG,TTCACG
,ath-miR5636,,ABI3VP1_tnt.AT5G18090_col_a_m1,,M0581_1.02,,M0155_1.02,,M1345_1.02,ath-miR399c-5p,,,,ath-miR4245,,,ZAT2,,,,,,,,,M1337_1.02,,,M1562_1.02,,,ath-miR5628,,,,,,,,,,,,,ath-miR5666,,AP2EREBP_tnt.AT1G77200_col_a_m1,,ath-miR868-3p,,,,,,,,ath-miR404,,
,,,,,CAMTA_tnt.CAMTA1_col_a_m1,,bHLH_tnt.bHLH31_col_m1,,CCA1_2,M1337_1.02,,,,ath-miR3932a,,,NLP_tnt.AtNLP4_col_b_m1,,,,,,,,,C2C2gata_tnt.GATA19_colamp_a_m1,,,ath-miR826a,,,,,,,,,,,,,,,,,,AP2EREBP_tnt.AT3G60490_col_a_m1,,,,,,,,,,M0655_1.02,,
,,,,,M0582_1.02,,bHLH_tnt.bHLH74_col_a_m1,,M1337_1.02,M1345_1.02,,,,ath-miR3932b-3p,,,bZIP_tnt.VIP1_colamp_a_m1,,,,,,,,,C2C2gata_tnt.GATA19_col_a_m1,,,ath-miR165a-3p,,,,,,,,,,,,,,,,,,AP2EREBP_tnt.AT1G12630_colamp_a_m1,,,,,,,,,,Dof5.7_2,,
,,,,,M2350_1.02,,M0256_1.02,,ARR11,G2like_tnt.AT4G37180_colamp_a_m1,,,,,,,bZIP_tnt.VIP1_col_v3a_m1,,,,,,,,,C2C2gata_tnt.GATA20_col_a_m1,,,ath-miR165b,,,,,,,,,,,,,,,,,,bHLH_tnt.bHLH10_col_a_m1,,,,,,,,,,MYB_tnt.MYB56_colamp_a_m1,,
,,,,,CAMTA_tnt.CAMTA5_col_a_m1,,MYC4,,M1331_1.02,M1323_1.02,,,,,,,bZIP_tnt.bZIP69_col_a_m1,,,,,,,,,C2C2gata_tnt.GATA20_colamp_a_m1,,,ath-miR166a-3p,,,,,,,,,,,,,,,,,,AP2EREBP_tnt.TINY_col_a_m1,,,,,,,,,,M1333_1.02,,
,,,,,,,bHLH_tnt.BIM2_col_v3b_m1,,,G2like_tnt.At2g01060_colamp_a_m1,,,,,,,At4g35610,,,,,,,,,C2C2gata_tnt.GATA4_col_a_m1,,,ath-miR166b-3p,,,,,,,,,,,,,,,,,,AP2EREBP_tnt.DDF1_colamp_a_m1,,,,,,,,,,Trihelix_tnt.AT3G10030_colamp_a_m1,,
,,,,,,,M0250_1.02,,,G2like_tnt.AT4G37180_col_a_m1,,,,,,,ABI3VP1_tnt.NGA4_col_a_m1,,,,,,,,,C2C2gata_tnt.GATA14_col_a_m1,,,ath-miR166c,,,,,,,,,,,,,,,,,,AP2EREBP_tnt.DDF1_col_a_m1,,,,,,,,,,MYB_tnt.MYB105_colamp_a_m1,,
,,,,,,,bHLH_tnt.bHLH34_col_m1,,,M1320_1.02,,,,,,,,,,,,,,,,ath-miR5024-3p,,,ath-miR166d,,,,,,,,,,,,,,,,,,ARF_ecoli.MP_col_m1,,,,,,,,,,MYB_tnt.MYB56_col_a_m1,,
,,,,,,,bHLH_tnt.bHLH69_col_a_m1,,,G2like_tnt.AT1G49560_col_a_m1,,,,,,,,,,,,,,,,ARR14,,,ath-miR166e-3p,,,,,,,,,,,,,,,,,,AP2EREBP_tnt.CBF1_colamp_a_m1,,,,,,,,,,MYB_tnt.MYB98_col_a_m1,,
,,,,,,,bHLH_tnt.BIM2_colamp_m1,,,M1342_1.02,,,,,,,,,,,,,,,,M1345_1.02,,,ath-miR166f,,,,,,,,,,,,,,,,,,AP2EREBP_tnt.At4g32800_colamp_a_m1,,,,,,,,,,,,
,,,,,,,M0164_1.02,,,M1331_1.02,,,,,,,,,,,,,,,,C2C2gata_tnt.GATA1_colamp_a_m1,,,ath-miR166g,,,,,,,,,,,,,,,,,,AP2EREBP_tnt.At4g32800_col_m1,,,,,,,,,,,,
,,,,,,,bHLH_tnt.bHLH77_col_a_m1,,,ath-miR774b-5p,,,,,,,,,,,,,,,,ath-miR165a-3p,,,,,,,,,,,,,,,,,,,,,AP2EREBP_tnt.CBF2_col_a_m1,,,,,,,,,,,,
,,,,,,,M2343_1.02,,,G2like_tnt.AT1G49560_colamp_a_m1,,,,,,,,,,,,,,,,ath-miR165b,,,,,,,,,,,,,,,,,,,,,AP2EREBP_tnt.CBF4_col_a_m1,,,,,,,,,,,,
,,,,,,,NAC_tnt.ANAC047_colamp_a_d1,,,M1315_1.02,,,,,,,,,,,,,,,,ath-miR166a-3p,,,,,,,,,,,,,,,,,,,,,AP2EREBP_tnt.Rap210_col_a_m1,,,,,,,,,,,,
,,,,,,,M0154_1.02,,,G2like_tnt.At1g68670_col_m1,,,,,,,,,,,,,,,,ath-miR166b-3p,,,,,,,,,,,,,,,,,,,,,AP2EREBP_tnt.CBF3_col_a_m1,,,,,,,,,,,,
,,,,,,,Trihelix_tnt.GT3a_col_a_m1,,,ath-miR1886.2,,,,,,,,,,,,,,,,ath-miR166c,,,,,,,,,,,,,,,,,,,,,AP2EREBP_tnt.Rap210_colamp_a_m1,,,,,,,,,,,,
,,,,,,,M0252_1.02,,,M1326_1.02,,,,,,,,,,,,,,,,ath-miR166d,,,,,,,,,,,,,,,,,,,,,AP2EREBP_tnt.AT1G77200_colamp_a_m1,,,,,,,,,,,,
,,,,,,,M0156_1.02,,,AP2EREBP_tnt.CRF10_colamp_a_m1,,,,,,,,,,,,,,,,ath-miR166e-3p,,,,,,,,,,,,,,,,,,,,,AP2EREBP_tnt.CBF4_colamp_a_m1,,,,,,,,,,,,
,,,,,,,BZR_tnt.At4g18890_colamp_a_m1,,,ath-miR172a,,,,,,,,,,,,,,,,ath-miR166f,,,,,,,,,,,,,,,,,,,,,M0147_1.02,,,,,,,,,,,,
,,,,,,,M2342_1.02,,,ath-miR172b-3p,,,,,,,,,,,,,,,,ath-miR166g,,,,,,,,,,,,,,,,,,,,,AP2EREBP_tnt.AT3G60490_colamp_a_m1,,,,,,,,,,,,
,,,,,,,bHLH_tnt.bHLH34_colamp_a_m1,,,ath-miR172c,,,,,,,,,,,,,,,,ath-miR4228-3p,,,,,,,,,,,,,,,,,,,,,AP2EREBP_tnt.AT3G16280_colamp_a_m1,,,,,,,,,,,,
,,,,,,,bHLH_tnt.BIM3_col_a_m1,,,ath-miR172d-3p,,,,,,,,,,,,,,,,M0766_1.02,,,,,,,,,,,,,,,,,,,,,,,,,,,,,,,,,
,,,,,,,M2350_1.02,,,ath-miR414,,,,,,,,,,,,,,,,M0765_1.02,,,,,,,,,,,,,,,,,,,,,,,,,,,,,,,,,
,,,,,,,BZR_tnt.At1g78700_col_a_m1,,,,,,,,,,,,,,,,,,,AP2EREBP_tnt.CRF10_colamp_a_m1,,,,,,,,,,,,,,,,,,,,,,,,,,,,,,,,,
,,,,,,,BZR_tnt.At4g18890_col_a_m1,,,,,,,,,,,,,,,,,,,M0768_1.02,,,,,,,,,,,,,,,,,,,,,,,,,,,,,,,,,
,,,,,,,bHLH_tnt.bHLH18_col_a_m1,,,,,,,,,,,,,,,,,,,M1322_1.02,,,,,,,,,,,,,,,,,,,,,,,,,,,,,,,,,
,,,,,,,M0158_1.02,,,,,,,,,,,,,,,,,,,C2C2gata_tnt.GATA12_col_a_m1,,,,,,,,,,,,,,,,,,,,,,,,,,,,,,,,,
,,,,,,,M0150_1.02,,,,,,,,,,,,,,,,,,,ARR11,,,,,,,,,,,,,,,,,,,,,,,,,,,,,,,,,
,,,,,,,BZR_tnt.At1g78700_colamp_a_m1,,,,,,,,,,,,,,,,,,,,,,,,,,,,,,,,,,,,,,,,,,,,,,,,,,,,
,,,,,,,BZR_tnt.BZR1_col_a_m1,,,,,,,,,,,,,,,,,,,,,,,,,,,,,,,,,,,,,,,,,,,,,,,,,,,,
,,,,,,,M0261_1.02,,,,,,,,,,,,,,,,,,,,,,,,,,,,,,,,,,,,,,,,,,,,,,,,,,,,
,,,,,,,BES1_tnt.BAM8_colamp_a_m1,,,,,,,,,,,,,,,,,,,,,,,,,,,,,,,,,,,,,,,,,,,,,,,,,,,,
,,,,,,,bHLH_tnt.BIM1_colamp_a_m1,,,,,,,,,,,,,,,,,,,,,,,,,,,,,,,,,,,,,,,,,,,,,,,,,,,,
,,,,,,,M0161_1.02,,,,,,,,,,,,,,,,,,,,,,,,,,,,,,,,,,,,,,,,,,,,,,,,,,,,
,,,,,,,M0152_1.02,,,,,,,,,,,,,,,,,,,,,,,,,,,,,,,,,,,,,,,,,,,,,,,,,,,,
,,,,,,,M0166_1.02,,,,,,,,,,,,,,,,,,,,,,,,,,,,,,,,,,,,,,,,,,,,,,,,,,,,
,,,,,,,bHLH_tnt.BIM1_col_a_m1,,,,,,,,,,,,,,,,,,,,,,,,,,,,,,,,,,,,,,,,,,,,,,,,,,,,
,,,,,,,M0162_1.02,,,,,,,,,,,,,,,,,,,,,,,,,,,,,,,,,,,,,,,,,,,,,,,,,,,,
,,,,,,,BZR_tnt.At4g36780_col_a_m1,,,,,,,,,,,,,,,,,,,,,,,,,,,,,,,,,,,,,,,,,,,,,,,,,,,,
,,,,,,,PIF4,,,,,,,,,,,,,,,,,,,,,,,,,,,,,,,,,,,,,,,,,,,,,,,,,,,,
,,,,,,,FAR1_tnt.FAR1_col_a_m1,,,,,,,,,,,,,,,,,,,,,,,,,,,,,,,,,,,,,,,,,,,,,,,,,,,,
,,,,,,,bZIP_tnt.GBF3_colamp_m1,,,,,,,,,,,,,,,,,,,,,,,,,,,,,,,,,,,,,,,,,,,,,,,,,,,,
,,,,,,,M0153_1.02,,,,,,,,,,,,,,,,,,,,,,,,,,,,,,,,,,,,,,,,,,,,,,,,,,,,
,,,,,,,M0160_1.02,,,,,,,,,,,,,,,,,,,,,,,,,,,,,,,,,,,,,,,,,,,,,,,,,,,,
,,,,,,,M0163_1.02,,,,,,,,,,,,,,,,,,,,,,,,,,,,,,,,,,,,,,,,,,,,,,,,,,,,
,,,,,,,BES1_tnt.BAM8_col_a_m1,,,,,,,,,,,,,,,,,,,,,,,,,,,,,,,,,,,,,,,,,,,,,,,,,,,,
,,,,,,,BZR_tnt.At4g36780_colamp_a_m1,,,,,,,,,,,,,,,,,,,,,,,,,,,,,,,,,,,,,,,,,,,,,,,,,,,,
,,,,,,,MYC2,,,,,,,,,,,,,,,,,,,,,,,,,,,,,,,,,,,,,,,,,,,,,,,,,,,,
,,,,,,,PIF5,,,,,,,,,,,,,,,,,,,,,,,,,,,,,,,,,,,,,,,,,,,,,,,,,,,,
,,,,,,,M0157_1.02,,,,,,,,,,,,,,,,,,,,,,,,,,,,,,,,,,,,,,,,,,,,,,,,,,,,
,,,,,,,bHLH_tnt.bHLH104_col_b_m1,,,,,,,,,,,,,,,,,,,,,,,,,,,,,,,,,,,,,,,,,,,,,,,,,,,,
,,,,,,,MYC3,,,,,,,,,,,,,,,,,,,,,,,,,,,,,,,,,,,,,,,,,,,,,,,,,,,,
,,,,,,,M2353_1.02,,,,,,,,,,,,,,,,,,,,,,,,,,,,,,,,,,,,,,,,,,,,,,,,,,,,
,,,,,,,M0257_1.02,,,,,,,,,,,,,,,,,,,,,,,,,,,,,,,,,,,,,,,,,,,,,,,,,,,,
,,,,,,,M0272_1.02,,,,,,,,,,,,,,,,,,,,,,,,,,,,,,,,,,,,,,,,,,,,,,,,,,,,
,,,,,,,ath-miR164b-3p,,,,,,,,,,,,,,,,,,,,,,,,,,,,,,,,,,,,,,,,,,,,,,,,,,,,
,,,,,,,ath-miR164c-3p,,,,,,,,,,,,,,,,,,,,,,,,,,,,,,,,,,,,,,,,,,,,,,,,,,,,
,,,,,,,M0165_1.02,,,,,,,,,,,,,,,,,,,,,,,,,,,,,,,,,,,,,,,,,,,,,,,,,,,,
,,,,,,,bHLH_tnt.PIF7_col_a_m1,,,,,,,,,,,,,,,,,,,,,,,,,,,,,,,,,,,,,,,,,,,,,,,,,,,,
,,,,,,,bHLH_tnt.bHLH74_colamp_a_m1,,,,,,,,,,,,,,,,,,,,,,,,,,,,,,,,,,,,,,,,,,,,,,,,,,,,
,,,,,,,M0167_1.02,,,,,,,,,,,,,,,,,,,,,,,,,,,,,,,,,,,,,,,,,,,,,,,,,,,,
,,,,,,,M2354_1.02,,,,,,,,,,,,,,,,,,,,,,,,,,,,,,,,,,,,,,,,,,,,,,,,,,,,
,,,,,,,bZIP_tnt.GBF6_colamp_a_m1,,,,,,,,,,,,,,,,,,,,,,,,,,,,,,,,,,,,,,,,,,,,,,,,,,,,
,,,,,,,bHLH_tnt.bHLH157_col_a_m1,,,,,,,,,,,,,,,,,,,,,,,,,,,,,,,,,,,,,,,,,,,,,,,,,,,,
,,,,,,,M0159_1.02,,,,,,,,,,,,,,,,,,,,,,,,,,,,,,,,,,,,,,,,,,,,,,,,,,,,
,,,,,,,CAMTA_tnt.CAMTA1_col_a_m1,,,,,,,,,,,,,,,,,,,,,,,,,,,,,,,,,,,,,,,,,,,,,,,,,,,,
,,,,,,,NAC_tnt.ATAF1_colamp_a_d1,,,,,,,,,,,,,,,,,,,,,,,,,,,,,,,,,,,,,,,,,,,,,,,,,,,,
,,,,,,,bZIP_tnt.bZIP68_col_a_m1,,,,,,,,,,,,,,,,,,,,,,,,,,,,,,,,,,,,,,,,,,,,,,,,,,,,
,,,,,,,bZIP_tnt.ABF2_col_v3a_m1,,,,,,,,,,,,,,,,,,,,,,,,,,,,,,,,,,,,,,,,,,,,,,,,,,,,
,,,,,,,M0268_1.02,,,,,,,,,,,,,,,,,,,,,,,,,,,,,,,,,,,,,,,,,,,,,,,,,,,,
,,,,,,,NAC_tnt.ANAC055_col_m1,,,,,,,,,,,,,,,,,,,,,,,,,,,,,,,,,,,,,,,,,,,,,,,,,,,,
,,,,,,,ath-miR841a-5p,,,,,,,,,,,,,,,,,,,,,,,,,,,,,,,,,,,,,,,,,,,,,,,,,,,,
,,,,,,,ath-miR841b-5p,,,,,,,,,,,,,,,,,,,,,,,,,,,,,,,,,,,,,,,,,,,,,,,,,,,,
,,,,,,,NAC_tnt.ANAC047_col_m1,,,,,,,,,,,,,,,,,,,,,,,,,,,,,,,,,,,,,,,,,,,,,,,,,,,,
,,,,,,,ath-miR169a-3p,,,,,,,,,,,,,,,,,,,,,,,,,,,,,,,,,,,,,,,,,,,,,,,,,,,,
,,,,,,,M0329_1.02,,,,,,,,,,,,,,,,,,,,,,,,,,,,,,,,,,,,,,,,,,,,,,,,,,,,
,,,,,,,bZIP_tnt.bZIP28_col_a_m1,,,,,,,,,,,,,,,,,,,,,,,,,,,,,,,,,,,,,,,,,,,,,,,,,,,,
,,,,,,,FAR1_tnt.FAR1_colamp_a_m1,,,,,,,,,,,,,,,,,,,,,,,,,,,,,,,,,,,,,,,,,,,,,,,,,,,,
,,,,,,,M2370_1.02,,,,,,,,,,,,,,,,,,,,,,,,,,,,,,,,,,,,,,,,,,,,,,,,,,,,
,,,,,,,NAC_tnt.ATAF1_col_a_m1,,,,,,,,,,,,,,,,,,,,,,,,,,,,,,,,,,,,,,,,,,,,,,,,,,,,
,,,,,,,ath-miR169b-3p,,,,,,,,,,,,,,,,,,,,,,,,,,,,,,,,,,,,,,,,,,,,,,,,,,,,
,,,,,,,bZIP_tnt.ABI5_col_v3h_m1,,,,,,,,,,,,,,,,,,,,,,,,,,,,,,,,,,,,,,,,,,,,,,,,,,,,
,,,,,,,NAC_tnt.ANAC087_colamp_a_m1,,,,,,,,,,,,,,,,,,,,,,,,,,,,,,,,,,,,,,,,,,,,,,,,,,,,
,,,,,,,MYB_tnt.MYB88_col_a_m1,,,,,,,,,,,,,,,,,,,,,,,,,,,,,,,,,,,,,,,,,,,,,,,,,,,,
,,,,,,,bHLH_tnt.bHLH122_col100_a_m1,,,,,,,,,,,,,,,,,,,,,,,,,,,,,,,,,,,,,,,,,,,,,,,,,,,,
,,,,,,,NAC_tnt.CUC1_colamp_a_m1,,,,,,,,,,,,,,,,,,,,,,,,,,,,,,,,,,,,,,,,,,,,,,,,,,,,
,,,,,,,M2355_1.02,,,,,,,,,,,,,,,,,,,,,,,,,,,,,,,,,,,,,,,,,,,,,,,,,,,,
,,,,,,,M0264_1.02,,,,,,,,,,,,,,,,,,,,,,,,,,,,,,,,,,,,,,,,,,,,,,,,,,,,
,,,,,,,bZIP_tnt.ABI5_colamp_v3b_m1,,,,,,,,,,,,,,,,,,,,,,,,,,,,,,,,,,,,,,,,,,,,,,,,,,,,
,,,,,,,bZIP_tnt.bZIP16_col_v3a_m1,,,,,,,,,,,,,,,,,,,,,,,,,,,,,,,,,,,,,,,,,,,,,,,,,,,,
,,,,,,,bZIP_tnt.bZIP16_colamp_a_m1,,,,,,,,,,,,,,,,,,,,,,,,,,,,,,,,,,,,,,,,,,,,,,,,,,,,
,,,,,,,NAC_tnt.CUC3_col_a_m1,,,,,,,,,,,,,,,,,,,,,,,,,,,,,,,,,,,,,,,,,,,,,,,,,,,,
,,,,,,,NAC_tnt.NAP_colamp_a_m1,,,,,,,,,,,,,,,,,,,,,,,,,,,,,,,,,,,,,,,,,,,,,,,,,,,,
,,,,,,,M0149_1.02,,,,,,,,,,,,,,,,,,,,,,,,,,,,,,,,,,,,,,,,,,,,,,,,,,,,
,,,,,,,MYB_tnt.MYB88_colamp_a_m1,,,,,,,,,,,,,,,,,,,,,,,,,,,,,,,,,,,,,,,,,,,,,,,,,,,,
,,,,,,,NAC_tnt.CUC2_colamp_a_m1,,,,,,,,,,,,,,,,,,,,,,,,,,,,,,,,,,,,,,,,,,,,,,,,,,,,
,,,,,,,NAC_tnt.ANAC057_col_a_m1,,,,,,,,,,,,,,,,,,,,,,,,,,,,,,,,,,,,,,,,,,,,,,,,,,,,
,,,,,,,bZIP_tnt.AREB3_col_v31_m1,,,,,,,,,,,,,,,,,,,,,,,,,,,,,,,,,,,,,,,,,,,,,,,,,,,,
,,,,,,,M0255_1.02,,,,,,,,,,,,,,,,,,,,,,,,,,,,,,,,,,,,,,,,,,,,,,,,,,,,
,,,,,,,M0582_1.02,,,,,,,,,,,,,,,,,,,,,,,,,,,,,,,,,,,,,,,,,,,,,,,,,,,,
,,,,,,,NAC_tnt.ANAC046_colamp_a_m1,,,,,,,,,,,,,,,,,,,,,,,,,,,,,,,,,,,,,,,,,,,,,,,,,,,,
,,,,,,,NAC_tnt.ANAC087_col_v3a_m1,,,,,,,,,,,,,,,,,,,,,,,,,,,,,,,,,,,,,,,,,,,,,,,,,,,,
,,,,,,,NAC_tnt.NAM_col_v3a_m1,,,,,,,,,,,,,,,,,,,,,,,,,,,,,,,,,,,,,,,,,,,,,,,,,,,,
,,,,,,,NAC_tnt.ANAC020_col_v31_m1,,,,,,,,,,,,,,,,,,,,,,,,,,,,,,,,,,,,,,,,,,,,,,,,,,,,
,,,,,,,PIF3,,,,,,,,,,,,,,,,,,,,,,,,,,,,,,,,,,,,,,,,,,,,,,,,,,,,
,,,,,,,bHLH_tnt.bHLH122_colamp_a_m1,,,,,,,,,,,,,,,,,,,,,,,,,,,,,,,,,,,,,,,,,,,,,,,,,,,,
,,,,,,,bHLH_tnt.bHLH130_col_a_m1,,,,,,,,,,,,,,,,,,,,,,,,,,,,,,,,,,,,,,,,,,,,,,,,,,,,
,,,,,,,bZIP_tnt.AREB3_colamp_a_m1,,,,,,,,,,,,,,,,,,,,,,,,,,,,,,,,,,,,,,,,,,,,,,,,,,,,
,,,,,,,bZIP_tnt.GBF3_col_m1,,,,,,,,,,,,,,,,,,,,,,,,,,,,,,,,,,,,,,,,,,,,,,,,,,,,
,,,,,,,NAC_tnt.CUC3_colamp_a_m1,,,,,,,,,,,,,,,,,,,,,,,,,,,,,,,,,,,,,,,,,,,,,,,,,,,,
,,,,,,,M2344_1.02,,,,,,,,,,,,,,,,,,,,,,,,,,,,,,,,,,,,,,,,,,,,,,,,,,,,
,,,,,,,M1562_1.02,,,,,,,,,,,,,,,,,,,,,,,,,,,,,,,,,,,,,,,,,,,,,,,,,,,,
,,,,,,,NAC_tnt.ANAC046_col_m1,,,,,,,,,,,,,,,,,,,,,,,,,,,,,,,,,,,,,,,,,,,,,,,,,,,,
,,,,,,,M0267_1.02,,,,,,,,,,,,,,,,,,,,,,,,,,,,,,,,,,,,,,,,,,,,,,,,,,,,
,,,,,,,M0581_1.02,,,,,,,,,,,,,,,,,,,,,,,,,,,,,,,,,,,,,,,,,,,,,,,,,,,,
,,,,,,,SBP_tnt.SPL9_col_a_m1,,,,,,,,,,,,,,,,,,,,,,,,,,,,,,,,,,,,,,,,,,,,,,,,,,,,
,,,,,,,bHLH_tnt.bHLH80_col_a_m1,,,,,,,,,,,,,,,,,,,,,,,,,,,,,,,,,,,,,,,,,,,,,,,,,,,,
,,,,,,,ABI3VP1_tnt.NGA4_col_a_m1,,,,,,,,,,,,,,,,,,,,,,,,,,,,,,,,,,,,,,,,,,,,,,,,,,,,
,,,,,,,bHLH_tnt.bHLH80_colamp_a_m1,,,,,,,,,,,,,,,,,,,,,,,,,,,,,,,,,,,,,,,,,,,,,,,,,,,,
,,,,,,,ABI3VP1_tnt.FUS3_col_a_m1,,,,,,,,,,,,,,,,,,,,,,,,,,,,,,,,,,,,,,,,,,,,,,,,,,,,
,,,,,,,SBP_tnt.SPL1_colamp_a_m1,,,,,,,,,,,,,,,,,,,,,,,,,,,,,,,,,,,,,,,,,,,,,,,,,,,,
,,,,,,,bZIP_tnt.bZIP3_col_a_m1,,,,,,,,,,,,,,,,,,,,,,,,,,,,,,,,,,,,,,,,,,,,,,,,,,,,
