AACTCC,AAGAAA,AAGGCC,AATGGT,ACTCGA,ACTGCT,ACTTTT,AGAGCG,AGCAAA,AGCGAT,AGCTTG,ATAGGC,ATGAAC,ATTCCC,ATTGAC,CACCTT,CACGAT,CAGAAT,CCAGCA,CCCCCT,CCGAAC,CCGACT,CCTAGG,CGACCC,CGATGC,CGATTC,CGGACT,CGGTTG,CGTTCA,CGTTGT,CTACCC,CTACTC,CTCATA,CTCATG,CTTCTT,GACATT,GAGCCG,GAGGCA,GATCTG,GCAACG,GCCATG,GCGCGG,GGCGAT,GGCTAA,GGGACA,GGGCAA,GTACCG,GTACTC,TAGCTC,TATATG,TCAATG,TCAGGA,TCGCAC,TCGTAG,TCTAGC,TCTCCT,TGAAAT,TGGGCA,TTAGAA,TTTTTC
,ath-miR838,,,,,C2C2dof_tnt.CDF3_colamp_a_m1,ath-miR845b,,,,,ABI3VP1_tnt.AT5G18090_col_a_m1,,WRKY_tnt.WRKY20_col_a_m1,,,,NLP_tnt.AtNLP4_col_b_m1,,,AP2EREBP_tnt.CBF3_col_a_m1,STY1,,,AP2EREBP_tnt.CRF10_colamp_a_m1,ath-miR826a,,,,,,ath-miR5026,,C2C2dof_tnt.OBP4_colamp_a_m1,,,,C2C2gata_tnt.GATA14_col_a_m1,,,,,ath-miR5639-3p,,,SBP_tnt.SPL13_col_a_m1,SBP_tnt.SPL11_col100_a_m1,,,ath-miR397a,,,,,,ath-miR4243,,,
,ath-miR3440b-5p,,,,,C3H_tnt.AT3G12130_colamp_a_m1,MYB_tnt.MYB88_colamp_a_m1,,,,,,,M1694_1.02,,,,,,,AP2EREBP_tnt.CBF1_colamp_a_m1,,,,,,,,,,,,,NAC_tnt.NTM2_col_b_m1,,,,C2C2gata_tnt.GATA11_col_a_m1,,,,,MYBrelated_tnt.At1g74840_colamp_a_m1,,,M1333_1.02,SBP_tnt.SPL9_col_a_m1,,,ath-miR397b,,,,,,,,,
,NAC_tnt.ANAC017_col_m1,,,,,C2C2dof_tnt.AT3G52440_colamp_a_m1,,,,,,,,WRKY_tnt.WRKY29_colamp_a_m1,,,,,,,AP2EREBP_tnt.CBF1_col_a_m1,,,,,,,,,,,,,C2C2dof_tnt.AT2G28810_colamp_a_m1,,,,C2C2gata_tnt.GATA12_col_a_m1,,,,,,,,SBP_tnt.SPL9_col_a_m1,,,,,,,,,,,,,
,NAC_tnt.ANAC011_col_a_m1,,,,,C2C2dof_tnt.AT1G47655_col_a_m1,,,,,,,,WRKY_tnt.WRKY42_colamp_a_m1,,,,,,,AP2EREBP_tnt.CBF4_col_a_m1,,,,,,,,,,,,,C2C2dof_tnt.At1g64620_100ng20cy_b_m1,,,,M0768_1.02,,,,,,,,SBP_tnt.SPL14_col_a_m1,,,,,,,,,,,,,
,NAC_tnt.ANAC096_col_m1,,,,,C2C2dof_tnt.CDF3_col_a_m1,,,,,,,,WRKY_tnt.WRKY31_colamp_a_m1,,,,,,,AP2EREBP_tnt.Rap210_col_a_m1,,,,,,,,,,,,,ABI3VP1_tnt.AT5G18090_col_a_m1,,,,C2C2gata_tnt.GATA1_colamp_a_m1,,,,,,,,SBP_tnt.SPL3_colamp_a_m1,,,,,,,,,,,,,
,NAC_tnt.NAC2_col_v3a_m1,,,,,C2C2dof_tnt.AT5G02460_colamp_a_m1,,,,,,,,WRKY_tnt.WRKY28_col_a_m1,,,,,,,AP2EREBP_tnt.CBF2_col_a_m1,,,,,,,,,,,,,C2C2dof_tnt.dof24_colamp_a_m1,,,,M0759_1.02,,,,,,,,bHLH_tnt.bHLH28_col_a_m1,,,,,,,,,,,,,
,NAC_tnt.NTL8_col_m1,,,,,C2C2dof_tnt.At3g45610_col_a_m1,,,,,,,,WRKY_tnt.WRKY40_col_m1,,,,,,,AP2EREBP_tnt.AT1G77200_colamp_a_m1,,,,,,,,,,,,,C3H_tnt.AT3G12130_colamp_a_m1,,,,M0758_1.02,,,,,,,,SBP_tnt.SPL1_colamp_a_m1,,,,,,,,,,,,,
,NAC_tnt.VND3_colamp_a_m1,,,,,C2C2dof_tnt.At1g64620_100ng20cy_b_m1,,,,,,,,WRKY_tnt.WRKY6_colamp_a_m1,,,,,,,AP2EREBP_tnt.CBF3_colamp_a_m1,,,,,,,,,,,,,C2C2dof_tnt.AT3G52440_colamp_a_m1,,,,C2C2gata_tnt.GATA12_colamp_a_m1,,,,,,,,SBP_tnt.SPL5_colamp_a_m1,,,,,,,,,,,,,
,NAC_tnt.ANAC053_col_m1,,,,,C3H_tnt.AT5G63260_col_a_m1,,,,,,,,WRKY_tnt.WRKY42_col_a_m1,,,,,,,AP2EREBP_tnt.TINY_col_a_m1,,,,,,,,,,,,,NAC_tnt.ANAC005_col_a_m1,,,,C2C2gata_tnt.GATA4_col_a_m1,,,,,,,,SBP_tnt.SPL1_col_a_m1,,,,,,,,,,,,,
,NAC_tnt.ANAC062_colamp_a_m1,,,,,C2C2dof_tnt.COG1_col_a_m1,,,,,,,,WRKY_tnt.WRKY47_colamp_a_m1,,,,,,,AP2EREBP_tnt.AT3G16280_col_a_m1,,,,,,,,,,,,,C2C2dof_tnt.At3g45610_col_a_m1,,,,C2C2gata_tnt.GATA20_colamp_a_m1,,,,,,,,MYB_tnt.MYB98_col_a_m1,,,,,,,,,,,,,
,NAC_tnt.CUC2_col_m1,,,,,NAC_tnt.NTM1_colamp_a_m1,,,,,,,,WRKY_tnt.WRKY25_colamp_a_m1,,,,,,,bHLH_tnt.bHLH10_col_a_m1,,,,,,,,,,,,,C2C2dof_tnt.dof42_col_a_m1,,,,C2C2gata_tnt.GATA19_col_a_m1,,,,,,,,SBP_tnt.SPL3_col_a_m1,,,,,,,,,,,,,
,NAC_tnt.ANAC053_colamp_a_m1,,,,,C2C2dof_tnt.OBP4_colamp_a_m1,,,,,,,,M1684_1.02,,,,,,,AP2EREBP_tnt.At2g44940_col_a_m1,,,,,,,,,,,,,ath-miR5021,,,,C2C2gata_tnt.GATA19_colamp_a_m1,,,,,,,,M1569_1.02,,,,,,,,,,,,,
,NAC_tnt.NAC2_colamp_a_m1,,,,,C3H_tnt.AT5G63260_colamp_a_m1,,,,,,,,M1678_1.02,,,,,,,M0026_1.02,,,,,,,,,,,,,ath-miR414,,,,M0766_1.02,,,,,,,,M1562_1.02,,,,,,,,,,,,,
,NAC_tnt.VND3_col_m1,,,,,C2C2dof_tnt.dof24_colamp_a_m1,,,,,,,,WRKY_tnt.WRKY18_col_a_m1,,,,,,,AP2EREBP_tnt.AT1G77200_col_a_m1,,,,,,,,,,,,,ath-miR838,,,,C2C2gata_tnt.GATA6_col200_a_m1,,,,,,,,M2370_1.02,,,,,,,,,,,,,
,NAC_tnt.ANAC045_col_a_m1,,,,,C2C2dof_tnt.DAG2_col_a_m1,,,,,,,,M1697_1.02,,,,,,,AP2EREBP_tnt.Rap210_colamp_a_m1,,,,,,,,,,,,,C2C2dof_tnt.At1g64620_colamp_a_m1,,,,M0765_1.02,,,,,,,,SBP_tnt.SPL15_col_a_m1,,,,,,,,,,,,,
,,,,,,C2C2dof_tnt.Adof1_colamp_a_m1,,,,,,,,WRKY_tnt.WRKY59_col_a_m1,,,,,,,M0031_1.02,,,,,,,,,,,,,NAC_tnt.ANAC004_col_a_m1,,,,GATA12,,,,,,,,SBP_tnt.SPL5_col_a_m1,,,,,,,,,,,,,
,,,,,,C2C2dof_tnt.At1g64620_colamp_a_m1,,,,,,,,M1680_1.02,,,,,,,AP2EREBP_tnt.AT1G12630_colamp_a_m1,,,,,,,,,,,,,C2C2dof_tnt.At5g62940_col_a_m1,,,,ath-miR829-3p.1,,,,,,,,MYB_tnt.MYB118_col_a_m1,,,,,,,,,,,,,
,,,,,,C2C2dof_tnt.At4g38000_colamp_a_m1,,,,,,,,M1686_1.02,,,,,,,AP2EREBP_tnt.DEAR5_colamp_a_m1,,,,,,,,,,,,,ath-miR830-5p,,,,C2C2gata_tnt.GATA20_col_a_m1,,,,,,,,SBP_tnt.SPL15_colamp_a_m1,,,,,,,,,,,,,
,,,,,,C2C2dof_tnt.AT5G66940_colamp_a_m1,,,,,,,,WRKY_tnt.WRKY55_col_a_m1,,,,,,,M0073_1.02,,,,,,,,,,,,,NAC_tnt.SND3_colamp_a_m1,,,,,,,,,,,,SBP_tnt.SPL9_colamp_a_m1,,,,,,,,,,,,,
,,,,,,C2C2dof_tnt.DAG2_colamp_a_m1,,,,,,,,M1696_1.02,,,,,,,AP2EREBP_tnt.CBF4_colamp_a_m1,,,,,,,,,,,,,C2C2dof_tnt.CDF3_col_a_m1,,,,,,,,,,,,SPL1_2,,,,,,,,,,,,,
,,,,,,C2C2dof_tnt.AT3G52440_col_a_m1,,,,,,,,M1682_1.02,,,,,,,AP2EREBP_tnt.RAP21_colamp_a_m1,,,,,,,,,,,,,C2C2dof_tnt.Adof1_colamp_a_m1,,,,,,,,,,,,M2371_1.02,,,,,,,,,,,,,
,,,,,,C2C2dof_tnt.AT2G28810_colamp_a_m1,,,,,,,,M1698_1.02,,,,,,,bHLH_tnt.bHLH10_colamp_a_m1,,,,,,,,,,,,,NAC_tnt.ANAC004_colamp_a_m1,,,,,,,,,,,,MYB_tnt.MYB119_colamp_a_m1,,,,,,,,,,,,,
,,,,,,C2C2dof_tnt.OBP3_col_a_m1,,,,,,,,M1693_1.02,,,,,,,AP2EREBP_tnt.DREB19_col_a_m1,,,,,,,,,,,,,,,,,,,,,,,,,M1565_1.02,,,,,,,,,,,,,
,,,,,,C2C2dof_tnt.At5g62940_col_a_m1,,,,,,,,WRKY_tnt.WRKY75_col_a_m1,,,,,,,AP2EREBP_tnt.At4g31060_colamp_a_m1,,,,,,,,,,,,,,,,,,,,,,,,,MYB_tnt.MYB119_col_a_m1,,,,,,,,,,,,,
,,,,,,C2C2dof_tnt.Adof1_col_a_m1,,,,,,,,WRKY_tnt.WRKY18_colamp_a_m1,,,,,,,AP2EREBP_tnt.DREB19_colamp_a_m1,,,,,,,,,,,,,,,,,,,,,,,,,,,,,,,,,,,,,,
,,,,,,C2C2dof_tnt.OBP3_colamp_a_m1,,,,,,,,M1688_1.02,,,,,,,ETT,,,,,,,,,,,,,,,,,,,,,,,,,,,,,,,,,,,,,,
,,,,,,C2C2dof_tnt.AT1G69570_col_a_m1,,,,,,,,M1691_1.02,,,,,,,AP2EREBP_tnt.DEAR3_col_a_m1,,,,,,,,,,,,,,,,,,,,,,,,,,,,,,,,,,,,,,
,,,,,,M0653_1.02,,,,,,,,M1683_1.02,,,,,,,AP2EREBP_tnt.At2g44940_colamp_a_m1,,,,,,,,,,,,,,,,,,,,,,,,,,,,,,,,,,,,,,
,,,,,,C2C2dof_tnt.OBP4_col_a_m1,,,,,,,,WRKY_tnt.WRKY25_col_a_m1,,,,,,,AP2EREBP_tnt.DDF1_colamp_a_m1,,,,,,,,,,,,,,,,,,,,,,,,,,,,,,,,,,,,,,
,,,,,,C2C2dof_tnt.dof45_col_a_m1,,,,,,,,WRKY_tnt.WRKY50_colamp_a_m1,,,,,,,AP2EREBP_tnt.DREB2_col_a_m1,,,,,,,,,,,,,,,,,,,,,,,,,,,,,,,,,,,,,,
,,,,,,C2C2dof_tnt.AT5G66940_col_a_m1,,,,,,,,M1699_1.02,,,,,,,AP2EREBP_tnt.DDF1_col_a_m1,,,,,,,,,,,,,,,,,,,,,,,,,,,,,,,,,,,,,,
,,,,,,C2C2dof_tnt.COG1_colamp_a_m1,,,,,,,,M1679_1.02,,,,,,,AP2EREBP_tnt.CEJ1_colamp_a_m1,,,,,,,,,,,,,,,,,,,,,,,,,,,,,,,,,,,,,,
,,,,,,C2C2dof_tnt.AT1G69570_colamp_a_m1,,,,,,,,WRKY_tnt.WRKY27_colamp_a_m1,,,,,,,AP2EREBP_tnt.At1g22810_colamp_a_m1,,,,,,,,,,,,,,,,,,,,,,,,,,,,,,,,,,,,,,
,,,,,,C2C2dof_tnt.dof24_col_a_m1,,,,,,,,M1401_1.02,,,,,,,AP2EREBP_tnt.AT3G60490_col_a_m1,,,,,,,,,,,,,,,,,,,,,,,,,,,,,,,,,,,,,,
,,,,,,C2C2dof_tnt.dof42_col_a_m1,,,,,,,,WRKY_tnt.WRKY75_colamp_a_m1,,,,,,,AP2EREBP_tnt.CBF2_colamp_a_m1,,,,,,,,,,,,,,,,,,,,,,,,,,,,,,,,,,,,,,
,,,,,,M0651_1.02,,,,,,,,WRKY_tnt.WRKY33_col_a_m1,,,,,,,AP2EREBP_tnt.AT1G01250_col_a_m1,,,,,,,,,,,,,,,,,,,,,,,,,,,,,,,,,,,,,,
,,,,,,C2C2dof_tnt.At3g45610_colamp_a_m1,,,,,,,,WRKY_tnt.WRKY24_colamp_a_m1,,,,,,,AP2EREBP_tnt.At4g32800_colamp_a_m1,,,,,,,,,,,,,,,,,,,,,,,,,,,,,,,,,,,,,,
,,,,,,C2C2dof_tnt.AT2G28810_col_a_m1,,,,,,,,WRKY18,,,,,,,At1g77200,,,,,,,,,,,,,,,,,,,,,,,,,,,,,,,,,,,,,,
,,,,,,DAG2,,,,,,,,WRKY_tnt.WRKY15_col_b_m1,,,,,,,M0075_1.02,,,,,,,,,,,,,,,,,,,,,,,,,,,,,,,,,,,,,,
,,,,,,C2C2dof_tnt.OBP1_col_a_m1,,,,,,,,WRKY_tnt.WRKY43_col_a_m1,,,,,,,AP2EREBP_tnt.DEAR3_colamp_a_m1,,,,,,,,,,,,,,,,,,,,,,,,,,,,,,,,,,,,,,
,,,,,,M0647_1.02,,,,,,,,WRKY_tnt.WRKY14_col_a_m1,,,,,,,ath-miR168b-3p,,,,,,,,,,,,,,,,,,,,,,,,,,,,,,,,,,,,,,
,,,,,,ath-miR4245,,,,,,,,WRKY_tnt.WRKY26_col_a_m1,,,,,,,AP2EREBP_tnt.AT3G16280_colamp_a_m1,,,,,,,,,,,,,,,,,,,,,,,,,,,,,,,,,,,,,,
,,,,,,C2C2dof_tnt.AT5G02460_col_a_m1,,,,,,,,M1701_1.02,,,,,,,AP2EREBP_tnt.At4g32800_col_m1,,,,,,,,,,,,,,,,,,,,,,,,,,,,,,,,,,,,,,
,,,,,,C2C2dof_tnt.dof45_colamp_a_m1,,,,,,,,WRKY_tnt.WRKY3_col_a_m1,,,,,,,M0034_1.02,,,,,,,,,,,,,,,,,,,,,,,,,,,,,,,,,,,,,,
,,,,,,C2C2dof_tnt.At4g38000_col_a_m1,,,,,,,,M1702_1.02,,,,,,,DEAR3_2,,,,,,,,,,,,,,,,,,,,,,,,,,,,,,,,,,,,,,
,,,,,,WRKY_tnt.WRKY50_col_a_m1,,,,,,,,WRKY_tnt.WRKY22_col_m1,,,,,,,M0072_1.02,,,,,,,,,,,,,,,,,,,,,,,,,,,,,,,,,,,,,,
,,,,,,Orphan_tnt.BBX31_col_a_m1,,,,,,,,M1685_1.02,,,,,,,AP2EREBP_tnt.AT1G12630_col_a_m1,,,,,,,,,,,,,,,,,,,,,,,,,,,,,,,,,,,,,,
,,,,,,ath-miR161.1,,,,,,,,ath-miR396a-3p,,,,,,,AP2EREBP_tnt.DREB2_colamp_a_m1,,,,,,,,,,,,,,,,,,,,,,,,,,,,,,,,,,,,,,
,,,,,,ath-miR3932a,,,,,,,,M1687_1.02,,,,,,,ARF_ecoli.MP_col_m1,,,,,,,,,,,,,,,,,,,,,,,,,,,,,,,,,,,,,,
,,,,,,ath-miR3932b-3p,,,,,,,,WRKY_tnt.WRKY6_col_a_m1,,,,,,,AP2EREBP_tnt.AT3G60490_colamp_a_m1,,,,,,,,,,,,,,,,,,,,,,,,,,,,,,,,,,,,,,
,,,,,,C2C2dof_tnt.AT1G47655_colamp_a_m1,,,,,,,,WRKY_tnt.WRKY26_colamp_a_m1,,,,,,,AP2EREBP_tnt.DEAR5_col_a_m1,,,,,,,,,,,,,,,,,,,,,,,,,,,,,,,,,,,,,,
,,,,,,NAC_tnt.NTM1_col_a_m1,,,,,,,,WRKY_tnt.WRKY29_col_a_m1,,,,,,,ath-miR168a-3p,,,,,,,,,,,,,,,,,,,,,,,,,,,,,,,,,,,,,,
,,,,,,WRKY_tnt.WRKY7_colamp_a_m1,,,,,,,,WRKY_tnt.WRKY14_colamp_a_m1,,,,,,,DREB2C_2,,,,,,,,,,,,,,,,,,,,,,,,,,,,,,,,,,,,,,
,,,,,,M0657_1.02,,,,,,,,M1695_1.02,,,,,,,AP2EREBP_tnt.At4g16750_col_a_m1,,,,,,,,,,,,,,,,,,,,,,,,,,,,,,,,,,,,,,
,,,,,,WRKY_tnt.WRKY8_col_m1,,,,,,,,WRKY_tnt.WRKY40_colamp_a_m1,,,,,,,AP2EREBP_tnt.AT1G71450_colamp_a_m1,,,,,,,,,,,,,,,,,,,,,,,,,,,,,,,,,,,,,,
,,,,,,NAC_tnt.ANAC005_col_a_m1,,,,,,,,WRKY45,,,,,,,DEAR4,,,,,,,,,,,,,,,,,,,,,,,,,,,,,,,,,,,,,,
,,,,,,,,,,,,,,WRKY_tnt.WRKY47_col_a_m1,,,,,,,AP2EREBP_tnt.DEAR2_colamp_a_m1,,,,,,,,,,,,,,,,,,,,,,,,,,,,,,,,,,,,,,
,,,,,,,,,,,,,,M1692_1.02,,,,,,,AP2EREBP_tnt.At4g16750_colamp_a_m1,,,,,,,,,,,,,,,,,,,,,,,,,,,,,,,,,,,,,,
,,,,,,,,,,,,,,WRKY_tnt.WRKY21_colamp_a_m1,,,,,,,ath-miR826a,,,,,,,,,,,,,,,,,,,,,,,,,,,,,,,,,,,,,,
,,,,,,,,,,,,,,WRKY38,,,,,,,M0147_1.02,,,,,,,,,,,,,,,,,,,,,,,,,,,,,,,,,,,,,,
,,,,,,,,,,,,,,M1689_1.02,,,,,,,AP2EREBP_tnt.At4g31060_col_a_m1,,,,,,,,,,,,,,,,,,,,,,,,,,,,,,,,,,,,,,
,,,,,,,,,,,,,,WRKY_tnt.WRKY31_col_a_m1,,,,,,,,,,,,,,,,,,,,,,,,,,,,,,,,,,,,,,,,,,,,,
,,,,,,,,,,,,,,ath-miR170-5p,,,,,,,,,,,,,,,,,,,,,,,,,,,,,,,,,,,,,,,,,,,,,
,,,,,,,,,,,,,,ath-miR171a-5p,,,,,,,,,,,,,,,,,,,,,,,,,,,,,,,,,,,,,,,,,,,,,
,,,,,,,,,,,,,,M1681_1.02,,,,,,,,,,,,,,,,,,,,,,,,,,,,,,,,,,,,,,,,,,,,,
,,,,,,,,,,,,,,WRKY12,,,,,,,,,,,,,,,,,,,,,,,,,,,,,,,,,,,,,,,,,,,,,
,,,,,,,,,,,,,,ath-miR5664,,,,,,,,,,,,,,,,,,,,,,,,,,,,,,,,,,,,,,,,,,,,,
,,,,,,,,,,,,,,WRKY_tnt.WRKY11_col_a_m1,,,,,,,,,,,,,,,,,,,,,,,,,,,,,,,,,,,,,,,,,,,,,
,,,,,,,,,,,,,,WRKY_tnt.WRKY65_col_a_m1,,,,,,,,,,,,,,,,,,,,,,,,,,,,,,,,,,,,,,,,,,,,,
,,,,,,,,,,,,,,WRKY_tnt.WRKY30_colamp_a_m1,,,,,,,,,,,,,,,,,,,,,,,,,,,,,,,,,,,,,,,,,,,,,
,,,,,,,,,,,,,,WRKY_tnt.WRKY24_col_a_m1,,,,,,,,,,,,,,,,,,,,,,,,,,,,,,,,,,,,,,,,,,,,,
,,,,,,,,,,,,,,WRKY_tnt.WRKY43_colamp_a_m1,,,,,,,,,,,,,,,,,,,,,,,,,,,,,,,,,,,,,,,,,,,,,
,,,,,,,,,,,,,,ath-miR397a,,,,,,,,,,,,,,,,,,,,,,,,,,,,,,,,,,,,,,,,,,,,,
,,,,,,,,,,,,,,ath-miR397b,,,,,,,,,,,,,,,,,,,,,,,,,,,,,,,,,,,,,,,,,,,,,
