AAAACG,AAACCC,AAAGTT,AAATTG,AACCGG,AAGCCC,AATGGG,AATTCG,AATTTC,ACGACG,AGCCCA,AGGCCC,ATGGGC,ATTGGG,CAATTT,CCCAAT,CCCATT,CGAATC,CGATTT,CGTTTT,CTTCGT,CTTCTG,GAAATT,GAAGAA,GAATTT,GAGAGA,GCCCAA,GCCCAT,GCTTCT,GCTTTT,GGCCCA,GGCCTT,GGGCCT,GGGCTT,GGGTTT,GGTTTA,GTTTCT,TCAATT,TCGAAT,TCGATT,TCGTCG,TCGTCT,TCGTTT,TCTCAG,TCTCCG,TCTCTG,TCTGAA,TCTGCT,TCTGGG,TCTTCG,TGAATT,TGGGCC,TGGGCT,TTCGAT,TTCGTC,TTCTCG,TTCTTC,TTGGGC,TTTCGA,TTTCTG
C2C2dof_tnt.OBP4_colamp_a_m1,Trihelix_tnt.AT1G76870_col_b_m1,,,ath-miR5027,,,,ath-miR841b-3p,,,,,ath-miR5028,,ath-miR5028,,AP2EREBP_tnt.CRF10_colamp_a_m1,ath-miR2933a,,,,ath-miR841b-3p,ABI3VP1_tnt.AT5G18090_col_a_m1,G2like_tnt.At2g01060_colamp_a_m1,ath-miR5640,,,,C3H_tnt.AT3G12130_colamp_a_m1,,,,,Trihelix_tnt.AT1G76870_col_b_m1,Trihelix_tnt.AT1G76870_col_b_m1,,,,,,,,,,,ath-miR5648-3p,ath-miR779.1,,ath-miR780.2,ath-miR865-5p,,,,ABI3VP1_tnt.AT5G18090_col_a_m1,,ABI3VP1_tnt.AT5G18090_col_a_m1,,,
C2C2dof_tnt.At1g64620_100ng20cy_b_m1,,,,Trihelix_tnt.AT1G76870_col_b_m1,,,,,,,,,,,,,M1337_1.02,ath-miR2933b,,,,,ath-miR838,G2like_tnt.At3g04030_col_a_m1,ath-miR1886.1,,,,C2C2dof_tnt.CDF3_colamp_a_m1,,,,,,,,,,,,,,,,,,,,,ath-miR846-3p,,,,,,ath-miR838,,,
C2C2dof_tnt.dof24_colamp_a_m1,,,,MYB_tnt.MYB101_col_a_m1,,,,,,,,,,,,,,,,,,,NAC_tnt.NTL8_col_m1,G2like_tnt.At1g25550_col_m1,C2H2_tnt.AT3G46070_col_a_m1,,,,C2C2dof_tnt.AT3G52440_colamp_a_m1,,,,,,,,,,,,,,,,,,,,,,,,,,,NAC_tnt.NTL8_col_m1,,,
C2C2dof_tnt.AT2G28810_colamp_a_m1,,,,,,,,,,,,,,,,,,,,,,,ath-miR5641,G2like_tnt.AT4G37180_colamp_a_m1,ath-miR859,,,,C2C2dof_tnt.At3g45610_col_a_m1,,,,,,,,,,,,,,,,,,,,,,,,,,,ath-miR5641,,,
C3H_tnt.AT3G12130_colamp_a_m1,,,,,,,,,,,,,,,,,,,,,,,,G2like_tnt.At1g68670_colamp_a_d1,,,,,C2C2dof_tnt.OBP3_colamp_a_m1,,,,,,,,,,,,,,,,,,,,,,,,,,,,,,
,,,,,,,,,,,,,,,,,,,,,,,,G2like_tnt.At3g24120_colamp_a_m1,,,,,C2C2dof_tnt.At1g64620_100ng20cy_b_m1,,,,,,,,,,,,,,,,,,,,,,,,,,,,,,
,,,,,,,,,,,,,,,,,,,,,,,,ath-miR865-5p,,,,,C2C2dof_tnt.Adof1_colamp_a_m1,,,,,,,,,,,,,,,,,,,,,,,,,,,,,,
,,,,,,,,,,,,,,,,,,,,,,,,G2like_tnt.AT4G37180_col_a_m1,,,,,C2C2dof_tnt.OBP4_colamp_a_m1,,,,,,,,,,,,,,,,,,,,,,,,,,,,,,
,,,,,,,,,,,,,,,,,,,,,,,,G2like_tnt.At3g12730_colamp_a_m1,,,,,C2C2dof_tnt.dof42_col_a_m1,,,,,,,,,,,,,,,,,,,,,,,,,,,,,,
,,,,,,,,,,,,,,,,,,,,,,,,G2like_tnt.AT2G40260_col_a_m1,,,,,NAC_tnt.NTM1_colamp_a_m1,,,,,,,,,,,,,,,,,,,,,,,,,,,,,,
,,,,,,,,,,,,,,,,,,,,,,,,G2like_tnt.At1g25550_colamp_a_m1,,,,,C2C2dof_tnt.At1g64620_colamp_a_m1,,,,,,,,,,,,,,,,,,,,,,,,,,,,,,
,,,,,,,,,,,,,,,,,,,,,,,,G2like_tnt.At3g24120_col_a_m1,,,,,C2C2dof_tnt.AT5G66940_colamp_a_m1,,,,,,,,,,,,,,,,,,,,,,,,,,,,,,
,,,,,,,,,,,,,,,,,,,,,,,,G2like_tnt.AT2G40260_colamp_a_m1,,,,,M0653_1.02,,,,,,,,,,,,,,,,,,,,,,,,,,,,,,
,,,,,,,,,,,,,,,,,,,,,,,,G2like_tnt.AT2G38300_col_a_m1,,,,,C2C2dof_tnt.AT2G28810_colamp_a_m1,,,,,,,,,,,,,,,,,,,,,,,,,,,,,,
,,,,,,,,,,,,,,,,,,,,,,,,ath-miR864-3p,,,,,C2C2dof_tnt.AT5G02460_colamp_a_m1,,,,,,,,,,,,,,,,,,,,,,,,,,,,,,
,,,,,,,,,,,,,,,,,,,,,,,,G2like_tnt.AT1G49560_col_a_m1,,,,,C2C2dof_tnt.CDF3_col_a_m1,,,,,,,,,,,,,,,,,,,,,,,,,,,,,,
,,,,,,,,,,,,,,,,,,,,,,,,G2like_tnt.At3g04030_colamp_a_m1,,,,,C2C2dof_tnt.At5g62940_col_a_m1,,,,,,,,,,,,,,,,,,,,,,,,,,,,,,
,,,,,,,,,,,,,,,,,,,,,,,,G2like_tnt.AT5G45580_colamp_a_m1,,,,,C2C2dof_tnt.Adof1_col_a_m1,,,,,,,,,,,,,,,,,,,,,,,,,,,,,,
,,,,,,,,,,,,,,,,,,,,,,,,ath-miR829-3p.2,,,,,C2C2dof_tnt.DAG2_col_a_m1,,,,,,,,,,,,,,,,,,,,,,,,,,,,,,
,,,,,,,,,,,,,,,,,,,,,,,,ath-miR165a-5p,,,,,C2C2dof_tnt.OBP3_col_a_m1,,,,,,,,,,,,,,,,,,,,,,,,,,,,,,
,,,,,,,,,,,,,,,,,,,,,,,,ath-miR166e-5p,,,,,C2C2dof_tnt.COG1_col_a_m1,,,,,,,,,,,,,,,,,,,,,,,,,,,,,,
,,,,,,,,,,,,,,,,,,,,,,,,AP2EREBP_tnt.CRF10_colamp_a_m1,,,,,C3H_tnt.AT5G63260_col_a_m1,,,,,,,,,,,,,,,,,,,,,,,,,,,,,,
,,,,,,,,,,,,,,,,,,,,,,,,ath-miR841b-3p,,,,,C3H_tnt.AT5G63260_colamp_a_m1,,,,,,,,,,,,,,,,,,,,,,,,,,,,,,
,,,,,,,,,,,,,,,,,,,,,,,,G2like_tnt.At1g13300_col_a_m1,,,,,M0651_1.02,,,,,,,,,,,,,,,,,,,,,,,,,,,,,,
,,,,,,,,,,,,,,,,,,,,,,,,G2like_tnt.AT1G49560_colamp_a_m1,,,,,C2C2dof_tnt.At3g45610_colamp_a_m1,,,,,,,,,,,,,,,,,,,,,,,,,,,,,,
,,,,,,,,,,,,,,,,,,,,,,,,ath-miR846-3p,,,,,C2C2dof_tnt.AT5G66940_col_a_m1,,,,,,,,,,,,,,,,,,,,,,,,,,,,,,
,,,,,,,,,,,,,,,,,,,,,,,,ath-miR172a,,,,,C2C2dof_tnt.At4g38000_colamp_a_m1,,,,,,,,,,,,,,,,,,,,,,,,,,,,,,
,,,,,,,,,,,,,,,,,,,,,,,,ath-miR172b-3p,,,,,C2C2dof_tnt.AT2G28810_col_a_m1,,,,,,,,,,,,,,,,,,,,,,,,,,,,,,
,,,,,,,,,,,,,,,,,,,,,,,,ath-miR172c,,,,,C2C2dof_tnt.OBP1_col_a_m1,,,,,,,,,,,,,,,,,,,,,,,,,,,,,,
,,,,,,,,,,,,,,,,,,,,,,,,ath-miR172d-3p,,,,,C2C2dof_tnt.OBP4_col_a_m1,,,,,,,,,,,,,,,,,,,,,,,,,,,,,,
,,,,,,,,,,,,,,,,,,,,,,,,M1320_1.02,,,,,C2C2dof_tnt.DAG2_colamp_a_m1,,,,,,,,,,,,,,,,,,,,,,,,,,,,,,
,,,,,,,,,,,,,,,,,,,,,,,,G2like_tnt.AT5G45580_col_a_m1,,,,,C2C2dof_tnt.dof24_colamp_a_m1,,,,,,,,,,,,,,,,,,,,,,,,,,,,,,
,,,,,,,,,,,,,,,,,,,,,,,,ath-miR172e-3p,,,,,C2C2dof_tnt.dof45_col_a_m1,,,,,,,,,,,,,,,,,,,,,,,,,,,,,,
,,,,,,,,,,,,,,,,,,,,,,,,G2like_tnt.At1g68670_col_m1,,,,,C2C2dof_tnt.AT1G69570_col_a_m1,,,,,,,,,,,,,,,,,,,,,,,,,,,,,,
,,,,,,,,,,,,,,,,,,,,,,,,,,,,,C2C2dof_tnt.AT1G47655_col_a_m1,,,,,,,,,,,,,,,,,,,,,,,,,,,,,,
,,,,,,,,,,,,,,,,,,,,,,,,,,,,,C2C2dof_tnt.AT3G52440_col_a_m1,,,,,,,,,,,,,,,,,,,,,,,,,,,,,,
,,,,,,,,,,,,,,,,,,,,,,,,,,,,,ath-miR5643a,,,,,,,,,,,,,,,,,,,,,,,,,,,,,,
,,,,,,,,,,,,,,,,,,,,,,,,,,,,,ath-miR5643b,,,,,,,,,,,,,,,,,,,,,,,,,,,,,,
,,,,,,,,,,,,,,,,,,,,,,,,,,,,,C2C2dof_tnt.AT1G69570_colamp_a_m1,,,,,,,,,,,,,,,,,,,,,,,,,,,,,,
,,,,,,,,,,,,,,,,,,,,,,,,,,,,,C2C2dof_tnt.dof24_col_a_m1,,,,,,,,,,,,,,,,,,,,,,,,,,,,,,
,,,,,,,,,,,,,,,,,,,,,,,,,,,,,C2C2dof_tnt.AT1G47655_colamp_a_m1,,,,,,,,,,,,,,,,,,,,,,,,,,,,,,
,,,,,,,,,,,,,,,,,,,,,,,,,,,,,Trihelix_tnt.AT1G76870_col_b_m1,,,,,,,,,,,,,,,,,,,,,,,,,,,,,,
,,,,,,,,,,,,,,,,,,,,,,,,,,,,,C2C2dof_tnt.AT5G02460_col_a_m1,,,,,,,,,,,,,,,,,,,,,,,,,,,,,,
,,,,,,,,,,,,,,,,,,,,,,,,,,,,,ath-miR855,,,,,,,,,,,,,,,,,,,,,,,,,,,,,,
,,,,,,,,,,,,,,,,,,,,,,,,,,,,,M0647_1.02,,,,,,,,,,,,,,,,,,,,,,,,,,,,,,
,,,,,,,,,,,,,,,,,,,,,,,,,,,,,ath-miR5018,,,,,,,,,,,,,,,,,,,,,,,,,,,,,,
,,,,,,,,,,,,,,,,,,,,,,,,,,,,,C2C2dof_tnt.COG1_colamp_a_m1,,,,,,,,,,,,,,,,,,,,,,,,,,,,,,
