AAAACA,AAACAT,AACATG,AAGATC,AATATA,AATCAC,AATCTT,AATGGT,ACAACT,ACAAGA,ACAATT,ACATAT,ACATCA,ACATGG,ACTCAT,ACTTAA,ATATAA,ATATGA,ATCAAG,ATCACA,ATCTTG,ATGAAG,ATGGTT,ATGTTG,ATTATG,ATTGAT,CAAGAA,CAAGAG,CAAGAT,CACATG,CATCAA,CATGTT,CATTCA,CCAAGA,CCATAA,CTAAGA,CTATAT,GCCGAA,GTCGAG,GTGGAG,TAAAGA,TACAAT,TATAAA,TATATA,TATCAA,TATTAT,TCAAGA,TCACAA,TCACAT,TCCATG,TCTAAG,TCTATA,TCTCTA,TCTTGA,TGAACA,TGGTTA,TTATAT,TTCCAA,TTCTTT,TTGTAG
ath-miR5650,,,ath-miR850,,,G2like_tnt.AT4G37180_colamp_a_m1,,,ath-miR5016,,,,,,,,,,ath-miR8177,,ABI3VP1_tnt.AT5G18090_col_a_m1,,ath-miR172d-5p,,,NAC_tnt.ANAC017_col_m1,,,bHLH_tnt.bHLH31_col_m1,,,ath-miR5652,,,ath-miR5630a,,,,,,,ath-miR2112-3p,M4266_1.02,,,,ND_tnt.ASHR1_col_a_m1,,,,,,,ath-miR867,ND_tnt.ASHR1_col_a_m1,,ath-miR5648-5p,,
G2like_tnt.At3g13040_col_b_m1,,,M0768_1.02,,,G2like_tnt.AT4G37180_col_a_m1,,,,,,,,,,,,,,,MADS_tnt.AGL42_col_a_m1,,M0013_1.02,,,NAC_tnt.NAC2_col_v3a_m1,,,bHLH_tnt.bHLH74_col_a_m1,,,,,,ath-miR5630b,,,,,,,,,,,,ath-miR5013,,,,,,,,ath-miR774a,,,,
M199_0.6,,,MYBrelated_tnt.RVE1_colamp_a_m1,,,G2like_tnt.At3g04030_col_a_m1,,,,,,,,,,,,,,,ath-miR5659,,M0008_1.02,,,NAC_tnt.ANAC053_colamp_a_m1,,,Trihelix_tnt.GT3a_col_a_m1,,,,,,,,,,,,,,,,,,,,,,,,,,C3H_tnt.At1g70910_col_a_m1,,,,
,,,ARR14_3ary,,,G2like_tnt.At1g25550_col_m1,,,,,,,,,,,,,,,ath-miR854a,,C3H_tnt.TZF9_col_a_m1,,,NAC_tnt.NAC2_colamp_a_m1,,,bHLH_tnt.bHLH18_col_a_m1,,,,,,,,,,,,,,,,,,,,,,,,,,MADS_tnt.FEM111_col_a_m1,,,,
,,,C2C2gata_tnt.GATA14_col_a_m1,,,G2like_tnt.At3g12730_colamp_a_m1,,,,,,,,,,,,,,,ath-miR854b,,MADS_tnt.AGL42_col_a_m1,,,NAC_tnt.ANAC053_col_m1,,,M2343_1.02,,,,,,,,,,,,,,,,,,,,,,,,,,C2H2_tnt.At2g48100_col_b_m1,,,,
,,,MYBrelated_tnt.AT3G10113_col_a_m1,,,G2like_tnt.At1g25550_colamp_a_m1,,,,,,,,,,,,,,,ath-miR854c,,,,,NAC_tnt.ANAC058_colamp_a_m1,,,bHLH_tnt.bHLH34_col_m1,,,,,,,,,,,,,,,,,,,,,,,,,,MADS_tnt.AGL55_col_a_m1,,,,
,,,MYBrelated_tnt.RVE1_col_a_m1,,,G2like_tnt.AT5G45580_colamp_a_m1,,,,,,,,,,,,,,,ath-miR854d,,,,,ABI3VP1_tnt.AT5G25475_col_a_m1,,,bHLH_tnt.bHLH34_colamp_a_m1,,,,,,,,,,,,,,,,,,,,,,,,,,MYB_tnt.MYB65_col200_a_m1,,,,
,,,,,,M1331_1.02,,,,,,,,,,,,,,,ath-miR854e,,,,,NAC_tnt.ANAC050_colamp_a_m1,,,M0156_1.02,,,,,,,,,,,,,,,,,,,,,,,,,,,,,,
,,,,,,ath-miR172a,,,,,,,,,,,,,,,ath-miR5999,,,,,ath-miR866-5p,,,bHLH_tnt.bHLH77_col_a_m1,,,,,,,,,,,,,,,,,,,,,,,,,,,,,,
,,,,,,ath-miR172b-3p,,,,,,,,,,,,,,,,,,,,ath-miR3440b-5p,,,M2353_1.02,,,,,,,,,,,,,,,,,,,,,,,,,,,,,,
,,,,,,ath-miR172c,,,,,,,,,,,,,,,,,,,,HSF_tnt.HSF3_colamp_a_d1,,,M0155_1.02,,,,,,,,,,,,,,,,,,,,,,,,,,,,,,
,,,,,,ath-miR172d-3p,,,,,,,,,,,,,,,,,,,,MYB_tnt.MYB23_col_a_m1,,,M0154_1.02,,,,,,,,,,,,,,,,,,,,,,,,,,,,,,
,,,,,,ath-miR172e-3p,,,,,,,,,,,,,,,,,,,,,,,bHLH_tnt.BIM2_col_v3b_m1,,,,,,,,,,,,,,,,,,,,,,,,,,,,,,
,,,,,,Homeobox_tnt.HAT22_col_a_m1,,,,,,,,,,,,,,,,,,,,,,,bHLH_tnt.BIM1_colamp_a_m1,,,,,,,,,,,,,,,,,,,,,,,,,,,,,,
,,,,,,Homeobox_tnt.HAT2_colamp_a_m1,,,,,,,,,,,,,,,,,,,,,,,bHLH_tnt.BIM2_colamp_m1,,,,,,,,,,,,,,,,,,,,,,,,,,,,,,
,,,,,,G2like_tnt.At3g24120_colamp_a_m1,,,,,,,,,,,,,,,,,,,,,,,M2355_1.02,,,,,,,,,,,,,,,,,,,,,,,,,,,,,,
,,,,,,G2like_tnt.At3g04030_colamp_a_m1,,,,,,,,,,,,,,,,,,,,,,,M0250_1.02,,,,,,,,,,,,,,,,,,,,,,,,,,,,,,
,,,,,,M0851_1.02,,,,,,,,,,,,,,,,,,,,,,,M0164_1.02,,,,,,,,,,,,,,,,,,,,,,,,,,,,,,
,,,,,,G2like_tnt.AT5G45580_col_a_m1,,,,,,,,,,,,,,,,,,,,,,,M0160_1.02,,,,,,,,,,,,,,,,,,,,,,,,,,,,,,
,,,,,,Homeobox_tnt.HAT1_col_a_m1,,,,,,,,,,,,,,,,,,,,,,,M0152_1.02,,,,,,,,,,,,,,,,,,,,,,,,,,,,,,
,,,,,,G2like_tnt.AT1G49560_col_a_m1,,,,,,,,,,,,,,,,,,,,,,,M0150_1.02,,,,,,,,,,,,,,,,,,,,,,,,,,,,,,
,,,,,,Homeobox_tnt.HAT1_colamp_a_m1,,,,,,,,,,,,,,,,,,,,,,,M0256_1.02,,,,,,,,,,,,,,,,,,,,,,,,,,,,,,
,,,,,,G2like_tnt.At1g13300_col_a_m1,,,,,,,,,,,,,,,,,,,,,,,ABI3VP1_tnt.NGA4_col_a_m1,,,,,,,,,,,,,,,,,,,,,,,,,,,,,,
,,,,,,ath-miR2111a-5p,,,,,,,,,,,,,,,,,,,,,,,ath-miR5595a,,,,,,,,,,,,,,,,,,,,,,,,,,,,,,
,,,,,,ath-miR2111b-5p,,,,,,,,,,,,,,,,,,,,,,,ath-miR5995b,,,,,,,,,,,,,,,,,,,,,,,,,,,,,,
,,,,,,Homeobox_ecoli.HAT2_col_v31_m1,,,,,,,,,,,,,,,,,,,,,,,M2354_1.02,,,,,,,,,,,,,,,,,,,,,,,,,,,,,,
,,,,,,,,,,,,,,,,,,,,,,,,,,,,,BZR_tnt.At1g78700_colamp_a_m1,,,,,,,,,,,,,,,,,,,,,,,,,,,,,,
,,,,,,,,,,,,,,,,,,,,,,,,,,,,,bHLH_tnt.bHLH69_col_a_m1,,,,,,,,,,,,,,,,,,,,,,,,,,,,,,
,,,,,,,,,,,,,,,,,,,,,,,,,,,,,M0158_1.02,,,,,,,,,,,,,,,,,,,,,,,,,,,,,,
,,,,,,,,,,,,,,,,,,,,,,,,,,,,,bHLH_tnt.BIM3_col_a_m1,,,,,,,,,,,,,,,,,,,,,,,,,,,,,,
,,,,,,,,,,,,,,,,,,,,,,,,,,,,,MYC4,,,,,,,,,,,,,,,,,,,,,,,,,,,,,,
,,,,,,,,,,,,,,,,,,,,,,,,,,,,,M2342_1.02,,,,,,,,,,,,,,,,,,,,,,,,,,,,,,
,,,,,,,,,,,,,,,,,,,,,,,,,,,,,M0161_1.02,,,,,,,,,,,,,,,,,,,,,,,,,,,,,,
,,,,,,,,,,,,,,,,,,,,,,,,,,,,,M0252_1.02,,,,,,,,,,,,,,,,,,,,,,,,,,,,,,
,,,,,,,,,,,,,,,,,,,,,,,,,,,,,MYC3,,,,,,,,,,,,,,,,,,,,,,,,,,,,,,
,,,,,,,,,,,,,,,,,,,,,,,,,,,,,bHLH_tnt.bHLH74_colamp_a_m1,,,,,,,,,,,,,,,,,,,,,,,,,,,,,,
,,,,,,,,,,,,,,,,,,,,,,,,,,,,,ath-miR836,,,,,,,,,,,,,,,,,,,,,,,,,,,,,,
,,,,,,,,,,,,,,,,,,,,,,,,,,,,,M0163_1.02,,,,,,,,,,,,,,,,,,,,,,,,,,,,,,
,,,,,,,,,,,,,,,,,,,,,,,,,,,,,bHLH_tnt.BIM1_col_a_m1,,,,,,,,,,,,,,,,,,,,,,,,,,,,,,
,,,,,,,,,,,,,,,,,,,,,,,,,,,,,ath-miR848,,,,,,,,,,,,,,,,,,,,,,,,,,,,,,
,,,,,,,,,,,,,,,,,,,,,,,,,,,,,ath-miR868-5p,,,,,,,,,,,,,,,,,,,,,,,,,,,,,,
,,,,,,,,,,,,,,,,,,,,,,,,,,,,,ath-miR418,,,,,,,,,,,,,,,,,,,,,,,,,,,,,,
,,,,,,,,,,,,,,,,,,,,,,,,,,,,,M0261_1.02,,,,,,,,,,,,,,,,,,,,,,,,,,,,,,
,,,,,,,,,,,,,,,,,,,,,,,,,,,,,M0329_1.02,,,,,,,,,,,,,,,,,,,,,,,,,,,,,,
,,,,,,,,,,,,,,,,,,,,,,,,,,,,,BZR_tnt.At4g18890_col_a_m1,,,,,,,,,,,,,,,,,,,,,,,,,,,,,,
,,,,,,,,,,,,,,,,,,,,,,,,,,,,,bHLH_tnt.bHLH104_col_b_m1,,,,,,,,,,,,,,,,,,,,,,,,,,,,,,
,,,,,,,,,,,,,,,,,,,,,,,,,,,,,M0257_1.02,,,,,,,,,,,,,,,,,,,,,,,,,,,,,,
,,,,,,,,,,,,,,,,,,,,,,,,,,,,,M0157_1.02,,,,,,,,,,,,,,,,,,,,,,,,,,,,,,
,,,,,,,,,,,,,,,,,,,,,,,,,,,,,M0162_1.02,,,,,,,,,,,,,,,,,,,,,,,,,,,,,,
,,,,,,,,,,,,,,,,,,,,,,,,,,,,,BZR_tnt.At1g78700_col_a_m1,,,,,,,,,,,,,,,,,,,,,,,,,,,,,,
,,,,,,,,,,,,,,,,,,,,,,,,,,,,,MYC2,,,,,,,,,,,,,,,,,,,,,,,,,,,,,,
,,,,,,,,,,,,,,,,,,,,,,,,,,,,,bHLH_tnt.PIF7_col_a_m1,,,,,,,,,,,,,,,,,,,,,,,,,,,,,,
,,,,,,,,,,,,,,,,,,,,,,,,,,,,,ath-miR8167a,,,,,,,,,,,,,,,,,,,,,,,,,,,,,,
,,,,,,,,,,,,,,,,,,,,,,,,,,,,,ath-miR8167b,,,,,,,,,,,,,,,,,,,,,,,,,,,,,,
,,,,,,,,,,,,,,,,,,,,,,,,,,,,,ath-miR8167c,,,,,,,,,,,,,,,,,,,,,,,,,,,,,,
,,,,,,,,,,,,,,,,,,,,,,,,,,,,,ath-miR8167d,,,,,,,,,,,,,,,,,,,,,,,,,,,,,,
,,,,,,,,,,,,,,,,,,,,,,,,,,,,,ath-miR8167e,,,,,,,,,,,,,,,,,,,,,,,,,,,,,,
,,,,,,,,,,,,,,,,,,,,,,,,,,,,,ath-miR8167f,,,,,,,,,,,,,,,,,,,,,,,,,,,,,,
,,,,,,,,,,,,,,,,,,,,,,,,,,,,,BZR_tnt.At4g18890_colamp_a_m1,,,,,,,,,,,,,,,,,,,,,,,,,,,,,,
,,,,,,,,,,,,,,,,,,,,,,,,,,,,,M0229_1.02,,,,,,,,,,,,,,,,,,,,,,,,,,,,,,
,,,,,,,,,,,,,,,,,,,,,,,,,,,,,M0153_1.02,,,,,,,,,,,,,,,,,,,,,,,,,,,,,,
,,,,,,,,,,,,,,,,,,,,,,,,,,,,,BZR_tnt.BZR1_col_a_m1,,,,,,,,,,,,,,,,,,,,,,,,,,,,,,
,,,,,,,,,,,,,,,,,,,,,,,,,,,,,M0167_1.02,,,,,,,,,,,,,,,,,,,,,,,,,,,,,,
,,,,,,,,,,,,,,,,,,,,,,,,,,,,,bHLH_tnt.bHLH122_col100_a_m1,,,,,,,,,,,,,,,,,,,,,,,,,,,,,,
,,,,,,,,,,,,,,,,,,,,,,,,,,,,,BES1_tnt.BAM8_colamp_a_m1,,,,,,,,,,,,,,,,,,,,,,,,,,,,,,
,,,,,,,,,,,,,,,,,,,,,,,,,,,,,BZR_tnt.At4g36780_colamp_a_m1,,,,,,,,,,,,,,,,,,,,,,,,,,,,,,
,,,,,,,,,,,,,,,,,,,,,,,,,,,,,BZR_tnt.At4g36780_col_a_m1,,,,,,,,,,,,,,,,,,,,,,,,,,,,,,
,,,,,,,,,,,,,,,,,,,,,,,,,,,,,M0078_1.02,,,,,,,,,,,,,,,,,,,,,,,,,,,,,,
,,,,,,,,,,,,,,,,,,,,,,,,,,,,,ath-miR164b-3p,,,,,,,,,,,,,,,,,,,,,,,,,,,,,,
,,,,,,,,,,,,,,,,,,,,,,,,,,,,,bZIP_tnt.GBF3_colamp_m1,,,,,,,,,,,,,,,,,,,,,,,,,,,,,,
,,,,,,,,,,,,,,,,,,,,,,,,,,,,,BES1_tnt.BAM8_col_a_m1,,,,,,,,,,,,,,,,,,,,,,,,,,,,,,
